site_year,year,exp_plot_number,Block,MainPlot,N_level,N_level_kgha,biomass_plus_bag_g,ring_size,paper_bag_g,num_of_paper_bags,sample_weight_mg,sample_N_ug,greenmean,greenmedia,greenstdev,greenmin,greenmax,bluemean,bluemedian,bluestdev,bluemin,bluemax,redmean,redmedian,redstdev,redmin,redmax,edgemean,edgemedian,edgestdev,edgemin,edgemax,nirmean,nirmedian,nirstdev,nirmin,nirmax
Nicolaus-17,2017,101,1,1,225,225,361.3,0.5,45.5,1,3.168,79.38862514,0.0467,,,,,,,,,,0.023,,,,,0.0738,,,,,0.5501,,,,
Nicolaus-17,2017,102,1,2,0,0,264.3,0.5,45.5,1,3.425,61.0598344,0.0581,,,,,,,,,,0.0286,,,,,0.0867,,,,,0.3571,,,,
Nicolaus-17,2017,103,1,3,125,125,318.3,0.5,45.5,1,3.092,80.67835796,0.0498,,,,,,,,,,0.0243,,,,,0.0768,,,,,0.482,,,,
Nicolaus-17,2017,104,1,4,175,175,360.3,0.5,45.5,1,3.072,95.89627055,0.0488,,,,,,,,,,0.0237,,,,,0.0764,,,,,0.5368,,,,
Nicolaus-17,2017,105,1,5,275,275,393.5,0.5,45.5,1,3.345,111.345923,0.0505,,,,,,,,,,0.0245,,,,,0.0791,,,,,0.5987,,,,
Nicolaus-17,2017,106,1,6,45,45,284.6,0.5,45.5,1,3.202,63.60481576,0.0608,,,,,,,,,,0.0292,,,,,0.0903,,,,,0.4308,,,,
Nicolaus-17,2017,107,1,7,75,75,289.8,0.5,45.5,1,3.248,62.68908226,0.0589,,,,,,,,,,0.0281,,,,,0.0877,,,,,0.4494,,,,
Nicolaus-17,2017,201,2,1,275,275,364,0.5,45.5,1,3.201,105.8688291,0.0461,,,,,,,,,,0.0234,,,,,0.0744,,,,,0.5469,,,,
Nicolaus-17,2017,202,2,2,75,75,275.1,0.5,45.5,1,3.184,70.1066592,0.0537,,,,,,,,,,0.0263,,,,,0.0812,,,,,0.4099,,,,
Nicolaus-17,2017,203,2,3,125,125,284.3,0.5,45.5,1,3.14,77.91064182,0.0488,,,,,,,,,,0.0237,,,,,0.0754,,,,,0.477,,,,
Nicolaus-17,2017,204,2,4,0,0,262.3,0.5,45.5,1,3.209,57.299979,0.0598,,,,,,,,,,0.0293,,,,,0.0873,,,,,0.3506,,,,
Nicolaus-17,2017,205,2,5,175,175,362.7,0.5,45.5,1,3.305,102.0231413,0.0478,,,,,,,,,,0.023,,,,,0.0745,,,,,0.5438,,,,
Nicolaus-17,2017,206,2,6,45,45,296.3,0.5,45.5,1,3.226,74.2900725,0.0557,,,,,,,,,,0.0267,,,,,0.0841,,,,,0.4313,,,,
Nicolaus-17,2017,207,2,7,225,225,375.2,0.5,45.5,1,3.374,109.4870432,0.0509,,,,,,,,,,0.0248,,,,,0.0777,,,,,0.5492,,,,
Nicolaus-17,2017,301,3,1,275,275,345.6,0.5,45.5,1,3.034,106.0669724,0.0455,,,,,,,,,,0.0221,,,,,0.0687,,,,,0.5315,,,,
Nicolaus-17,2017,302,3,2,125,125,314,0.5,45.5,1,3.255,87.71966691,0.047,,,,,,,,,,0.0226,,,,,0.0716,,,,,0.4828,,,,
Nicolaus-17,2017,303,3,3,45,45,284.8,0.5,45.5,1,3.375,69.93567227,0.0547,,,,,,,,,,0.0261,,,,,0.0813,,,,,0.3883,,,,
Nicolaus-17,2017,304,3,4,175,175,339,0.5,45.5,1,3.127,92.69552118,0.0446,,,,,,,,,,0.022,,,,,0.0682,,,,,0.4982,,,,
Nicolaus-17,2017,305,3,5,225,225,354.9,0.5,45.5,1,3.267,118.0110451,0.0417,,,,,,,,,,0.0204,,,,,0.0644,,,,,0.5222,,,,
Nicolaus-17,2017,306,3,6,0,0,280.2,0.5,45.5,1,3.394,59.47831724,0.0652,,,,,,,,,,0.0305,,,,,0.0956,,,,,0.3496,,,,
Nicolaus-17,2017,307,3,7,75,75,316,0.5,45.5,1,3.44,79.94340795,0.0567,,,,,,,,,,0.028,,,,,0.088,,,,,0.4744,,,,
Nicolaus-17,2017,401,4,1,45,45,291.5,0.5,45.5,1,3.134,66.67318719,0.0602,,,,,,,,,,0.0283,,,,,0.0887,,,,,0.4414,,,,
Nicolaus-17,2017,402,4,2,125,125,337,0.5,45.5,1,3.364,87.88198043,0.0524,,,,,,,,,,0.0251,,,,,0.0782,,,,,0.5005,,,,
Nicolaus-17,2017,403,4,3,225,225,416.8,0.5,45.5,1,3.181,102.8955273,0.0469,,,,,,,,,,0.0229,,,,,0.0712,,,,,0.5246,,,,
Nicolaus-17,2017,404,4,4,175,175,316.2,0.5,45.5,1,3.134,70.74982929,0.0457,,,,,,,,,,0.0221,,,,,0.0705,,,,,0.496,,,,
Nicolaus-17,2017,405,4,5,0,0,244,0.5,45.5,1,3.107,48.29330221,0.0693,,,,,,,,,,0.0367,,,,,0.0965,,,,,0.3228,,,,
Nicolaus-17,2017,406,4,6,75,75,312.4,0.5,45.5,1,3.12,79.19202175,0.0502,,,,,,,,,,0.0242,,,,,0.0777,,,,,0.4693,,,,
Nicolaus-17,2017,407,4,7,275,275,411.9,0.5,45.5,1,3.44,107.6666973,0.0424,,,,,,,,,,0.0208,,,,,0.0667,,,,,0.571,,,,
Williams-17,2017,101,1,1,225,225,317,0.5,41.6,1,3.105,88.16269429,0.0388,,,,,,,,,,0.0183,,,,,0.0678,,,,,0.5685,,,,
Williams-17,2017,102,1,2,0,0,224.1,0.5,41.6,1,3.442,46.4837107,0.0583,,,,,,,,,,0.0312,,,,,0.1005,,,,,0.3448,,,,
Williams-17,2017,103,1,3,125,125,276.1,0.5,41.6,1,3.47,69.92981232,0.0466,,,,,,,,,,0.0213,,,,,0.0798,,,,,0.4919,,,,
Williams-17,2017,104,1,4,175,175,338.4,0.5,41.6,1,3.398,94.75927768,0.0481,,,,,,,,,,0.0207,,,,,0.0763,,,,,0.5529,,,,
Williams-17,2017,105,1,5,275,275,292.5,0.5,41.6,1,3.082,90.17663128,0.0398,,,,,,,,,,0.0184,,,,,0.0665,,,,,0.5581,,,,
Williams-17,2017,106,1,6,45,45,306.6,0.5,41.6,1,3.126,57.2140772,0.0615,,,,,,,,,,0.0275,,,,,0.1008,,,,,0.4536,,,,
Williams-17,2017,107,1,7,75,75,310.5,0.5,41.6,1,3.033,50.10673931,0.0564,,,,,,,,,,0.0246,,,,,0.0921,,,,,0.5059,,,,
Williams-17,2017,201,2,1,275,275,338.1,0.5,41.6,1,3.149,91.87784721,0.0468,,,,,,,,,,0.0196,,,,,0.0729,,,,,0.5912,,,,
Williams-17,2017,202,2,2,75,75,317.4,0.5,41.6,1,3.237,68.27309755,0.0534,,,,,,,,,,0.0226,,,,,0.0871,,,,,0.5189,,,,
Williams-17,2017,203,2,3,125,125,290.8,0.5,41.6,1,3.209,78.02888824,0.0522,,,,,,,,,,0.0213,,,,,0.0808,,,,,0.5785,,,,
Williams-17,2017,204,2,4,0,0,248.5,0.5,41.6,1,3.092,41.39838487,0.0703,,,,,,,,,,0.0305,,,,,0.1047,,,,,0.3917,,,,
Williams-17,2017,205,2,5,175,175,366,0.5,41.6,1,3.099,78.4716421,0.0488,,,,,,,,,,0.0194,,,,,0.0758,,,,,0.6013,,,,
Williams-17,2017,206,2,6,45,45,388.5,0.5,41.6,1,3.328,53.62169743,0.0607,,,,,,,,,,0.0254,,,,,0.0967,,,,,0.5349,,,,
Williams-17,2017,207,2,7,225,225,405.1,0.5,41.6,1,3.439,90.7759821,0.0525,,,,,,,,,,0.0222,,,,,0.0824,,,,,0.6737,,,,
Williams-17,2017,301,3,1,275,275,395.2,0.5,41.6,1,3.376,92.75571222,0.0484,,,,,,,,,,0.0198,,,,,0.0764,,,,,0.6464,,,,
Williams-17,2017,302,3,2,125,125,390,0.5,41.6,1,3.296,80.93302351,0.0502,,,,,,,,,,0.021,,,,,0.0819,,,,,0.5925,,,,
Williams-17,2017,303,3,3,45,45,297,0.5,41.6,1,3.145,47.57701633,0.0649,,,,,,,,,,0.027,,,,,0.1025,,,,,0.4892,,,,
Williams-17,2017,304,3,4,175,175,317.8,0.5,41.6,1,3.407,88.1877349,0.0498,,,,,,,,,,0.0204,,,,,0.0756,,,,,0.585,,,,
Williams-17,2017,305,3,5,225,225,346.5,0.5,41.6,1,3.082,88.70038408,0.0515,,,,,,,,,,0.021,,,,,0.0786,,,,,0.5945,,,,
Williams-17,2017,306,3,6,0,0,237.2,0.5,41.6,1,3.045,41.93712111,0.0673,,,,,,,,,,0.031,,,,,0.1014,,,,,0.3483,,,,
Williams-17,2017,307,3,7,75,75,319.6,0.5,41.6,1,3.332,65.29106559,0.0558,,,,,,,,,,0.0236,,,,,0.0896,,,,,0.4937,,,,
Williams-17,2017,401,4,1,45,45,251.3,0.5,41.6,1,3.181,55.83259903,0.0633,,,,,,,,,,0.0271,,,,,0.0986,,,,,0.4381,,,,
Williams-17,2017,402,4,2,125,125,325.2,0.5,41.6,1,3.425,68.7799836,0.0515,,,,,,,,,,0.0218,,,,,0.0823,,,,,0.5384,,,,
Williams-17,2017,403,4,3,225,225,358,0.5,41.6,1,3.37,103.1399989,0.0448,,,,,,,,,,0.0192,,,,,0.0703,,,,,0.5653,,,,
Williams-17,2017,404,4,4,175,175,366.2,0.5,41.6,1,3.4,89.48206217,0.0492,,,,,,,,,,0.0213,,,,,0.079,,,,,0.5688,,,,
Williams-17,2017,405,4,5,0,0,178.6,0.5,41.6,1,3.294,40.64470555,0.0693,,,,,,,,,,0.0334,,,,,0.1019,,,,,0.3013,,,,
Williams-17,2017,406,4,6,75,75,315.6,0.5,41.6,1,3.379,56.14530364,0.0554,,,,,,,,,,0.0241,,,,,0.0907,,,,,0.4991,,,,
Williams-17,2017,407,4,7,275,275,307,0.5,41.6,1,3.278,95.90919381,0.0452,,,,,,,,,,0.0197,,,,,0.07,,,,,0.5852,,,,
Nicolaus-18,2018,101,1,1,90,101,340.1,0.5,41.8,1,3.723,82.90880934,0.03291428,0.03263751,0.002437302,0.024968157,0.04916168,0.015165567,0.014941743,0.001598627,0.010935119,0.029116035,0.015741318,0.015416771,0.001988768,0.011483202,0.03639558,0.093808444,0.093310982,0.005389056,0.075978495,0.119553804,0.461611364,0.464957595,0.03095621,0.319918305,0.549475729
Nicolaus-18,2018,102,1,2,180,202,388.1,0.5,41.8,1,3.36,93.74915385,0.02748673,0.027373184,0.00174488,0.022302784,0.037264626,0.01255534,0.012486842,0.001021138,0.009286794,0.027547028,0.012583402,0.012477379,0.001129034,0.00985074,0.040100142,0.079955844,0.079716645,0.003974493,0.066575922,0.113116547,0.518895457,0.521206915,0.024461,0.407019496,0.597727001
Nicolaus-18,2018,103,1,3,210,235,366.7,0.5,41.8,1,3.563,108.0513171,0.023856756,0.023748776,0.001505348,0.018367952,0.037631206,0.010268534,0.010153104,0.000927747,0.007792827,0.02348242,0.010480281,0.010364543,0.001061702,0.008157129,0.039115828,0.073473629,0.07338319,0.003570344,0.054877739,0.109705634,0.525424688,0.527901292,0.025264545,0.335382015,0.593570828
Nicolaus-18,2018,104,1,4,120,135,340.5,0.5,41.8,1,3.281,80.6298559,0.025768062,0.025690014,0.001776128,0.020197691,0.037503611,0.010123319,0.010067488,0.00079578,0.007795388,0.017775856,0.010702916,0.010592691,0.001014072,0.008202308,0.028664349,0.080506394,0.080461763,0.004383952,0.063927822,0.108980373,0.500737214,0.503686845,0.028990021,0.369810879,0.582743883
Nicolaus-18,2018,105,1,5,0,0,295.1,0.5,41.8,1,3.864,63.00599315,0.042333186,0.042119823,0.004541905,0.029493531,0.070497207,0.017910518,0.017496023,0.003192422,0.01053408,0.041486751,0.021660733,0.020925563,0.00445754,0.01205942,0.053408995,0.112056673,0.11193312,0.007469723,0.084055588,0.158420995,0.384965268,0.384259939,0.029394374,0.283115,0.525638998
Nicolaus-18,2018,106,1,6,150,168,376.2,0.5,41.8,1,3.661,81.76919243,0.032268657,0.032196321,0.001769266,0.025347279,0.042370748,0.014950269,0.014923385,0.001235817,0.011356896,0.033677578,0.01506961,0.015011078,0.001259632,0.01168181,0.056610033,0.085604242,0.085615017,0.004178087,0.064363904,0.123780571,0.498640042,0.501288176,0.028682611,0.316110402,0.594872713
Nicolaus-18,2018,201,2,1,150,168,392.5,0.5,41.8,1,3.756,94.32039925,0.033501927,0.033417128,0.001929588,0.026384937,0.043376554,0.015283429,0.015263872,0.001257332,0.010760923,0.034337565,0.015858955,0.015757183,0.001314404,0.0125782,0.059120774,0.086242153,0.086130142,0.004236399,0.068564519,0.119558699,0.506091244,0.508572042,0.027014749,0.352759928,0.587943614
Nicolaus-18,2018,202,2,2,210,235,405.9,0.5,41.8,1,3.707,113.784449,0.027062861,0.026957572,0.002118076,0.02081506,0.037126847,0.012420101,0.012310992,0.001398368,0.008605191,0.032706928,0.012377906,0.012287786,0.001418862,0.00896697,0.053228173,0.077605756,0.077556737,0.004225931,0.062121604,0.120709568,0.527144703,0.529530644,0.024953813,0.399324447,0.604659498
Nicolaus-18,2018,203,2,3,90,101,336.7,0.5,41.8,1,3.929,83.47872293,0.029386338,0.029045533,0.002799069,0.020127704,0.049621455,0.01162519,0.011440979,0.001310952,0.0082835,0.026455462,0.01279284,0.012441967,0.00194253,0.008988805,0.044841025,0.087946207,0.087464899,0.006275943,0.062532596,0.121733963,0.461043558,0.46418491,0.033536303,0.290142536,0.559846818
Nicolaus-18,2018,204,2,4,0,0,233.9,0.5,41.8,1,3.045,39.80047317,0.046888445,0.046610851,0.004284504,0.032497168,0.066876568,0.020842526,0.020376904,0.003232289,0.012112319,0.037521269,0.026222901,0.025589151,0.004763879,0.014742897,0.047974259,0.11859547,0.118611358,0.007555746,0.085710265,0.152224287,0.35269798,0.353035808,0.022909493,0.267761797,0.469449252
Nicolaus-18,2018,205,2,5,180,202,395.9,0.5,41.8,1,3.255,91.46487322,0.03146993,0.031327937,0.001915834,0.024973398,0.042176183,0.015388145,0.015311483,0.001117217,0.011925945,0.037271824,0.014963452,0.014816094,0.001472739,0.011462349,0.073200539,0.085269499,0.085019648,0.004407258,0.068728924,0.140128255,0.503499837,0.50540781,0.025664717,0.36219427,0.581623495
Nicolaus-18,2018,206,2,6,120,135,368.9,0.5,41.8,1,3.599,84.04870662,0.035751304,0.035625026,0.002247386,0.028156303,0.05380328,0.017617003,0.01757306,0.001116002,0.012270043,0.027807128,0.017713517,0.017587878,0.001399541,0.013634119,0.047224801,0.094516884,0.094216645,0.005407509,0.075212136,0.126920834,0.478113479,0.481035054,0.030880073,0.346190125,0.575546801
Nicolaus-18,2018,301,3,1,210,235,382.1,0.5,41.8,1,3.801,109.7705207,0.029136599,0.029110374,0.002392375,0.020813292,0.041134719,0.014081962,0.014047025,0.001607951,0.009003314,0.023933271,0.013933686,0.013906034,0.001441171,0.009999828,0.038615104,0.080582193,0.080508538,0.004549083,0.063628346,0.104830705,0.508776018,0.511004925,0.024856222,0.395048559,0.594018221
Nicolaus-18,2018,302,3,2,0,0,279.5,0.5,41.8,1,3.608,55.40878812,0.045650763,0.045144476,0.00560307,0.029530339,0.081281967,0.020534327,0.019749988,0.004653302,0.011122326,0.051712636,0.025996843,0.025122246,0.006112002,0.012974225,0.060892694,0.116963509,0.116797119,0.008390286,0.084763363,0.161126614,0.354764662,0.354783416,0.026874454,0.255380124,0.457753122
Nicolaus-18,2018,303,3,3,150,168,378.7,0.5,41.8,1,3.602,97.17767764,0.028139875,0.028047113,0.002021477,0.021942899,0.046893083,0.012042479,0.011957034,0.001067528,0.008676532,0.024682229,0.012369208,0.012242014,0.001224678,0.009386842,0.044489317,0.082197772,0.082040273,0.004647436,0.065452017,0.118087202,0.485943342,0.488711178,0.027064914,0.324920833,0.584768236
Nicolaus-18,2018,304,3,4,90,101,316.7,0.5,41.8,1,3.034,59.60270345,0.035342478,0.034957275,0.00268673,0.027801652,0.051537763,0.015703455,0.015572633,0.001390779,0.011386671,0.029147703,0.016148105,0.015801962,0.001810034,0.01203611,0.032207925,0.094872011,0.094396099,0.005952856,0.073168047,0.125211209,0.451949049,0.455647111,0.033022628,0.293533206,0.580429077
Nicolaus-18,2018,305,3,5,180,202,398.5,0.5,41.8,1,3.048,78.92137682,0.031775935,0.031739403,0.001613412,0.024310522,0.041129593,0.01617605,0.016156046,0.001068361,0.012411065,0.029324397,0.015355917,0.015307823,0.001233087,0.011784246,0.04390135,0.082113935,0.082088679,0.003989576,0.064548701,0.104891643,0.502144937,0.504957736,0.026163591,0.357963055,0.575196147
Nicolaus-18,2018,306,3,6,120,135,305.2,0.5,41.8,1,3.043,66.97968711,0.033557139,0.033443872,0.00275293,0.024199815,0.053807251,0.016138769,0.016137868,0.001897,0.010996598,0.033609707,0.016232477,0.016085934,0.001929065,0.011272564,0.05090804,0.090067804,0.089938015,0.005504959,0.066905528,0.127312809,0.458480064,0.461005539,0.032823614,0.316817433,0.580330253
Nicolaus-18,2018,401,4,1,90,101,325.5,0.5,41.8,1,3.981,76.64438603,0.030663572,0.030168677,0.003488267,0.021570286,0.051808394,0.012659792,0.012264708,0.00208091,0.008270634,0.030117776,0.01356285,0.013011735,0.002609758,0.008470399,0.044463787,0.089309018,0.088882893,0.006967543,0.064092323,0.124847844,0.448663731,0.451831758,0.035419976,0.276895374,0.564138472
Nicolaus-18,2018,402,4,2,210,235,387.8,0.5,41.8,1,3.606,101.1808114,0.023955,0.023894902,0.001535034,0.018355027,0.030848533,0.009926677,0.009840604,0.000881007,0.007394033,0.026803609,0.009938643,0.009834127,0.001114153,0.007365699,0.04775187,0.073185967,0.073146909,0.003683023,0.05847811,0.108649664,0.506823603,0.509500682,0.02548799,0.368095487,0.584466279
Nicolaus-18,2018,403,4,3,0,0,203.9,0.5,41.8,1,3.771,53.5397661,0.046305596,0.045896772,0.004466565,0.03176425,0.068176672,0.021605017,0.020955507,0.003895857,0.0117104,0.043003824,0.02646051,0.025679829,0.00530098,0.013349271,0.05241641,0.115239729,0.114940464,0.007282764,0.088654377,0.152704939,0.344290774,0.344202667,0.02502891,0.252508432,0.497647583
Nicolaus-18,2018,404,4,4,180,202,349.2,0.5,41.8,1,3.706,98.89288582,0.031704895,0.031578004,0.002107074,0.025070736,0.04578067,0.015318682,0.015283087,0.001388842,0.011391959,0.041650802,0.014915799,0.014893115,0.001563659,0.011055252,0.065986216,0.083441432,0.083226547,0.004590385,0.065558739,0.13659279,0.508242053,0.510496974,0.024467162,0.352328688,0.593393445
Nicolaus-18,2018,405,4,5,150,168,368.8,0.5,41.8,1,3.414,85.75907826,0.034231092,0.034212511,0.002368386,0.024781303,0.054962758,0.015969634,0.015903344,0.001531726,0.010345502,0.030722871,0.016328719,0.016285578,0.001521657,0.010480822,0.042769708,0.088577659,0.088325337,0.005221985,0.068651848,0.128773868,0.480834497,0.483702481,0.031183186,0.32655403,0.575951219
Nicolaus-18,2018,406,4,6,120,135,350.1,0.5,41.8,1,3.093,69.25191145,0.028993002,0.028528238,0.002785652,0.021719355,0.045254983,0.01187976,0.011596633,0.001551526,0.008412944,0.02062433,0.012442136,0.011980983,0.001957066,0.008445464,0.035431165,0.085731986,0.085207567,0.006115866,0.064785644,0.124385633,0.501968872,0.505001545,0.029430107,0.359460205,0.586478293
Arbuckle-18,2018,101,1,1,180,202,216.4,0.5,41.8,1,3.823,98.89288582,0.042575786,0.042294621,0.003146518,0.031506907,0.061008204,0.017901619,0.01781399,0.001260027,0.013299001,0.044492587,0.018754801,0.018545914,0.001785678,0.014462095,0.070786647,0.103347622,0.103096545,0.006379692,0.077522747,0.140289202,0.409418089,0.410553932,0.03931546,0.272264242,0.514283299
Arbuckle-18,2018,102,1,2,210,235,208.8,0.5,41.8,1,3.79,107.4783895,0.04106517,0.040686451,0.00349278,0.030151442,0.061630432,0.017594621,0.017414916,0.001574202,0.012599231,0.031339709,0.018661096,0.01837427,0.002132519,0.01312846,0.050994549,0.098883153,0.098342523,0.006690091,0.074636005,0.133537695,0.385163432,0.385442197,0.036726664,0.259426981,0.502759933
Arbuckle-18,2018,103,1,3,120,135,199.8,0.5,41.8,1,3.846,71.52525731,0.046099716,0.045875154,0.003027854,0.035018183,0.063813053,0.019873234,0.019745924,0.001419039,0.015503344,0.043389916,0.021580637,0.021273511,0.002145398,0.016634727,0.066669971,0.105782334,0.10567002,0.006722578,0.077420697,0.150243193,0.343830429,0.344717741,0.03154852,0.234453022,0.443043619
Arbuckle-18,2018,104,1,4,0,0,86,0.5,41.8,1,3.422,78.92137682,0.05641451,0.055398576,0.007001732,0.037313096,0.08783339,0.030092172,0.029187303,0.004851283,0.020394841,0.052066278,0.043131413,0.041875206,0.006848513,0.029478706,0.074017078,0.098456013,0.096876845,0.012052496,0.069783695,0.150140584,0.19893834,0.1980021,0.014027358,0.161498129,0.265927404
Arbuckle-18,2018,105,1,5,150,168,228.9,0.5,41.8,1,3.612,48.89883454,0.044577417,0.044425342,0.003082151,0.033574149,0.065427065,0.020571802,0.020322096,0.002019378,0.015002616,0.036460862,0.021702591,0.021133944,0.003004765,0.014800778,0.061874535,0.10407824,0.103997454,0.006055475,0.076934487,0.13064903,0.366989929,0.368762672,0.039446261,0.237757787,0.486678571
Arbuckle-18,2018,106,1,6,150,168,262.8,0.5,41.8,1,3.392,77.21352859,0.046297556,0.046157286,0.00279307,0.036623679,0.06317208,0.021396276,0.021183591,0.001691546,0.016377904,0.036495894,0.022297724,0.02187084,0.002505967,0.016880037,0.04467446,0.107422556,0.107468322,0.006098308,0.086454906,0.146696508,0.380455261,0.38184607,0.04344043,0.237615824,0.501196325
Arbuckle-18,2018,201,2,1,210,235,272.5,0.5,41.8,1,3.564,100.0367084,0.044371707,0.044308838,0.002502304,0.035122126,0.056181438,0.020868902,0.020842303,0.001120794,0.016845416,0.031631831,0.020617088,0.020446483,0.001519278,0.016887473,0.048957337,0.1032472,0.103179798,0.004992323,0.081726901,0.134652957,0.431430403,0.433226079,0.040103888,0.267916858,0.544332445
Arbuckle-18,2018,202,2,2,90,101,188.8,0.5,41.8,1,3.451,59.60270345,0.051758696,0.051508576,0.003855341,0.038329288,0.082178257,0.022713357,0.022489808,0.001854371,0.017290873,0.035107702,0.026104739,0.025657769,0.002872326,0.018879415,0.051293001,0.115317969,0.115190543,0.008521587,0.080216974,0.187709928,0.324104723,0.324103981,0.033183139,0.205254108,0.481988937
Arbuckle-18,2018,203,2,3,0,0,83.3,0.5,41.8,1,3.174,42.51112714,0.054189404,0.053352531,0.00694065,0.039122637,0.084048308,0.029407456,0.028539218,0.005060853,0.019819342,0.051989939,0.043694523,0.042533979,0.006808697,0.029747967,0.074989624,0.094650789,0.093757235,0.010093323,0.069183268,0.140342638,0.182344294,0.181977868,0.011986921,0.149121329,0.236163482
Arbuckle-18,2018,204,2,4,180,202,205.5,0.5,41.8,1,3.682,95.46310032,0.042779309,0.042751484,0.002830036,0.032309789,0.059233505,0.020448411,0.020458881,0.001645397,0.014653381,0.048579141,0.020465919,0.020363661,0.002058553,0.015257254,0.080187328,0.099312867,0.099337496,0.005693483,0.074118212,0.144555897,0.397514023,0.399724185,0.03714811,0.242070615,0.504462719
Arbuckle-18,2018,205,2,5,120,135,483.9,1,41.8,2,3.679,73.79972469,0.046862734,0.046794742,0.003525093,0.033261061,0.066916682,0.02191729,0.02187405,0.001752984,0.015362202,0.047319569,0.022974175,0.022786735,0.002081206,0.017454827,0.066220097,0.107368514,0.107572645,0.007467333,0.074235715,0.143238023,0.37138438,0.373323202,0.033936754,0.245415658,0.471255869
Arbuckle-18,2018,206,2,6,90,101,176.8,0.5,41.8,1,3.475,65.27625484,0.051876851,0.051724665,0.003011873,0.039989371,0.069963872,0.023287549,0.02297147,0.002087434,0.017271359,0.050827857,0.027161571,0.026767358,0.00311573,0.019934675,0.081875622,0.115417803,0.11561399,0.007018373,0.086234257,0.155161753,0.330232283,0.330515087,0.030858235,0.226270512,0.423277825
Arbuckle-18,2018,301,3,1,210,235,244.3,0.5,41.8,1,3.689,111.4903551,0.037691577,0.037471075,0.002513414,0.028812883,0.05113101,0.017129058,0.017066151,0.00114285,0.013369996,0.030969797,0.017350382,0.017234139,0.001267386,0.01347282,0.044296466,0.089902122,0.089672476,0.005367578,0.068562031,0.12424387,0.390096359,0.392338961,0.030336931,0.270326674,0.474687248
Arbuckle-18,2018,302,3,2,0,0,78.3,0.5,41.8,1,3.581,47.37175437,0.05621465,0.055702932,0.007461506,0.03804319,0.08672794,0.033581713,0.033031873,0.005988996,0.020862876,0.057765536,0.046789715,0.045968793,0.007548921,0.02977933,0.081481278,0.093998013,0.093555845,0.011098755,0.064613953,0.13688606,0.175309893,0.174992561,0.013050091,0.135916352,0.227923095
Arbuckle-18,2018,303,3,3,150,168,254.9,0.5,41.8,1,3.034,70.38844419,0.04336017,0.043047782,0.003077227,0.033851959,0.061926734,0.019300877,0.019182876,0.001357654,0.014748401,0.039450575,0.020475594,0.020230794,0.001891406,0.015943222,0.064442255,0.100216094,0.099951938,0.006133389,0.074013203,0.132773027,0.35217993,0.354100823,0.02818523,0.212942913,0.433817416
Arbuckle-18,2018,304,3,4,90,101,214.6,0.5,41.8,1,3.895,70.9568157,0.048586343,0.048241302,0.00360388,0.036198821,0.085338198,0.021418724,0.021286026,0.001706843,0.016032744,0.034363355,0.023965989,0.023678457,0.00251578,0.017327704,0.053813156,0.108790986,0.10854283,0.007644075,0.077693604,0.182805896,0.320431169,0.321704507,0.0313428,0.193552554,0.46430248
Arbuckle-18,2018,305,3,5,180,202,267.9,0.5,41.8,1,3.588,92.03583824,0.039723054,0.03955023,0.002397449,0.031346243,0.054815874,0.018243993,0.018166445,0.001231493,0.014126007,0.044220503,0.01848427,0.018320139,0.001618343,0.014754261,0.066207945,0.093805688,0.093638271,0.004812864,0.071081609,0.127300143,0.385005461,0.386760116,0.02845309,0.257297009,0.475449741
Arbuckle-18,2018,306,3,6,120,135,247.2,0.5,41.8,2,3.746,78.92137682,0.044645688,0.044448003,0.002592265,0.035947829,0.057755727,0.020613925,0.020458436,0.001466504,0.01644733,0.044627793,0.022042267,0.021771841,0.002161605,0.017036038,0.069907226,0.101794412,0.101639949,0.005385642,0.078168705,0.140760615,0.336904451,0.33804813,0.026766725,0.235851139,0.42001307
Arbuckle-18,2018,401,4,1,90,101,193.8,0.5,41.8,1,3.327,59.03573383,0.047020062,0.046852566,0.002945265,0.036011726,0.064395331,0.022346795,0.022134662,0.001907231,0.016496388,0.037080243,0.025320727,0.024972001,0.002667528,0.018541124,0.052513082,0.102827089,0.102888279,0.006262091,0.077395476,0.131419614,0.290445669,0.291086763,0.02636716,0.202705786,0.375150383
Arbuckle-18,2018,402,4,2,210,235,257,0.5,41.8,1,3.189,93.74915385,0.038855936,0.038657553,0.002428746,0.028727848,0.052806854,0.018091945,0.01801475,0.001115424,0.013304963,0.034679968,0.018202293,0.018055458,0.001382502,0.014367862,0.058322236,0.092113668,0.091819562,0.004879434,0.068997093,0.124232925,0.406018825,0.407491326,0.02938997,0.253725231,0.497590154
Arbuckle-18,2018,403,4,3,0,0,97.5,0.5,41.8,1,3.41,41.32501731,0.058110413,0.05795534,0.00578706,0.041557238,0.08652094,0.032536544,0.032081999,0.004488138,0.021968944,0.051187191,0.04499732,0.044467077,0.005437938,0.030762065,0.074950531,0.10232242,0.102647506,0.009140045,0.071127638,0.140475094,0.190730496,0.191123426,0.011560515,0.150682524,0.235868976
Arbuckle-18,2018,404,4,4,180,202,254.6,0.5,41.8,1,3.465,93.74915385,0.042435179,0.041634694,0.003986396,0.0325942,0.06524615,0.01864904,0.018562725,0.001281936,0.014395932,0.047507051,0.019307937,0.019091628,0.001825104,0.015071844,0.089511432,0.099924993,0.098421738,0.008354691,0.076720975,0.146835074,0.393552758,0.394501716,0.028956713,0.266561568,0.486089259
Arbuckle-18,2018,405,4,5,150,168,230.9,0.5,41.8,1,3.017,65.8439955,0.043236271,0.042822506,0.003440818,0.033536125,0.063972294,0.019019746,0.018940676,0.001390274,0.014947367,0.035191648,0.020213523,0.020034028,0.001863213,0.015341721,0.057264362,0.100558945,0.100025684,0.006918756,0.078512497,0.136707976,0.356593045,0.358193487,0.030905407,0.241016746,0.454776555
Arbuckle-18,2018,406,4,6,120,135,209.2,0.5,41.8,1,3.698,69.82014277,0.045864611,0.045671552,0.00309521,0.032849681,0.075221948,0.020547387,0.02049543,0.001511975,0.01559831,0.035427608,0.022626728,0.022443986,0.001844264,0.017258862,0.052224841,0.102467123,0.102542147,0.006951042,0.066639207,0.180556417,0.321939267,0.322912097,0.031402626,0.180786237,0.52969563
Marysville-18,2018,101,1,1,90,101,276.8,0.5,41.8,1,3.375,100.0367084,0.022836897,0.022495212,0.002071659,0.017690465,0.037019596,0.011621687,0.011214936,0.00172947,0.007776871,0.022855846,0.014350076,0.013725821,0.002590847,0.009961998,0.036530256,0.070417643,0.070179977,0.004051552,0.056554787,0.093812518,0.302025438,0.301131904,0.02264042,0.227482602,0.378959298
Marysville-18,2018,102,1,2,180,202,307.3,0.5,41.8,1,3.118,102.8974915,0.019791689,0.019734584,0.001180607,0.015507001,0.027679347,0.009600281,0.009513444,0.000758838,0.007557578,0.016648043,0.011043047,0.010840757,0.001182211,0.008642662,0.050449066,0.06481418,0.064768918,0.00330617,0.05270505,0.106808163,0.358992948,0.360569596,0.020958939,0.258394331,0.419456571
Marysville-18,2018,103,1,3,210,235,309.6,0.5,41.8,1,3.055,105.760027,0.020168724,0.020080332,0.001231042,0.016333479,0.028981768,0.009942529,0.009826206,0.000818002,0.007958237,0.015663503,0.01133433,0.011088471,0.001255585,0.008972429,0.044220954,0.064784047,0.064613849,0.003321464,0.053214312,0.107253157,0.359527087,0.361369371,0.021816058,0.27386111,0.424336284
Marysville-18,2018,104,1,4,120,135,326.3,0.5,41.8,2,3.237,91.46487322,0.021654675,0.021500599,0.001504377,0.017624306,0.031658042,0.010939029,0.010730886,0.001112508,0.008370119,0.02577723,0.013006679,0.012615852,0.001777174,0.009673528,0.047039319,0.067471323,0.067267768,0.003555809,0.051297039,0.101480141,0.319226776,0.319703728,0.021308052,0.228207141,0.391465276
Marysville-18,2018,105,1,5,0,0,193,0.5,41.8,1,3.652,64.14098381,0.02804945,0.027873255,0.004101626,0.019088687,0.046034932,0.015264398,0.014851114,0.003482178,0.00908025,0.032405183,0.020945372,0.02024968,0.006137163,0.010636004,0.048170671,0.079219999,0.079020791,0.006955571,0.059815679,0.109124087,0.252100143,0.246337205,0.032564521,0.170804247,0.349355608
Marysville-18,2018,106,1,6,150,168,304.9,0.5,41.8,1,3.748,117.801812,0.020583113,0.020504558,0.001311783,0.016282,0.029621655,0.010082866,0.009919934,0.00094033,0.007878891,0.023241764,0.011515072,0.011244255,0.001324877,0.008856166,0.043377791,0.065716785,0.065582231,0.003461482,0.05381839,0.106216706,0.34541684,0.34710288,0.023003529,0.229233533,0.412543565
Marysville-18,2018,201,2,1,150,168,294.9,0.5,41.8,1,3.779,118.9502608,0.020757015,0.02054476,0.001623509,0.016144838,0.031508077,0.010457397,0.010124329,0.001405127,0.007777845,0.021096773,0.012196836,0.011648929,0.002022172,0.008971257,0.027126813,0.065101741,0.064917043,0.003417814,0.05139935,0.084375121,0.331712044,0.333268225,0.026017019,0.239683896,0.404846519
Marysville-18,2018,202,2,2,210,235,285.5,0.5,41.8,1,3.241,117.2276927,0.020581304,0.020366576,0.001619766,0.016245425,0.031603027,0.010583977,0.010321941,0.00129839,0.007905916,0.019865949,0.01211495,0.011632903,0.00191856,0.008443035,0.026379956,0.064155932,0.0639503,0.003493604,0.052138291,0.083188079,0.33755172,0.338549703,0.028984186,0.227074608,0.426711857
Marysville-18,2018,203,2,3,90,101,270.5,0.5,41.8,1,3.174,102.8974915,0.022711363,0.022426449,0.001921314,0.017782383,0.036868826,0.011707307,0.011402842,0.001507427,0.008499328,0.024988031,0.014108058,0.013598246,0.002353781,0.009753424,0.035673171,0.068816391,0.068556815,0.004429661,0.051951949,0.094255924,0.296510668,0.297824085,0.022667043,0.200714618,0.374000907
Marysville-18,2018,204,2,4,0,0,199.7,0.5,41.8,1,3.965,69.82014277,0.031743775,0.0314973,0.003558876,0.021703715,0.045971695,0.01924075,0.018939734,0.003357159,0.010922093,0.033361565,0.02831069,0.027870286,0.005618784,0.01487409,0.051015429,0.081085299,0.080985576,0.006449269,0.056572441,0.109759293,0.21119311,0.210824937,0.014423134,0.160990685,0.260463655
Marysville-18,2018,205,2,5,180,202,298.3,0.5,41.8,1,3.39,112.6372619,0.020728833,0.020603981,0.001425576,0.016383426,0.030751524,0.010520554,0.010328628,0.00109079,0.007817554,0.020144122,0.012058152,0.011674513,0.001629931,0.00876035,0.026957342,0.064829698,0.064714655,0.003359305,0.053002868,0.080269463,0.33716317,0.338852257,0.02414421,0.237968683,0.413204789
Marysville-18,2018,206,2,6,120,135,287.2,0.5,41.8,1,3.482,110.9170069,0.022115626,0.021798739,0.002119403,0.017524686,0.043013752,0.011109613,0.010787916,0.001560552,0.00814927,0.028267825,0.013162528,0.012543748,0.002557691,0.009197772,0.041323103,0.067312132,0.067034505,0.004338446,0.053131856,0.096203297,0.307940086,0.31002757,0.030432043,0.190008983,0.390012264
Marysville-18,2018,301,3,1,210,235,293.4,0.5,41.8,1,3.332,112.0637735,0.019954499,0.019861042,0.001280962,0.015957512,0.028830377,0.009958073,0.009858891,0.000830488,0.007856735,0.018229831,0.011317625,0.011124419,0.001120652,0.008924462,0.025421735,0.061979879,0.061855882,0.003606974,0.048844382,0.080820054,0.330832304,0.332104683,0.024972345,0.230907664,0.400922298
Marysville-18,2018,302,3,2,0,0,235.2,0.5,41.8,1,3.639,58.46883431,0.02924527,0.029034294,0.003985194,0.018273786,0.046687838,0.017174396,0.016777596,0.003728575,0.00927921,0.031842787,0.024591084,0.024093267,0.006396138,0.010821992,0.047163654,0.074571098,0.074341923,0.006703439,0.051252704,0.101301529,0.209571215,0.204154193,0.02614412,0.15020287,0.32658729
Marysville-18,2018,303,3,3,150,168,314.2,0.5,41.8,1,3.009,102.3251947,0.021277323,0.021077979,0.001632553,0.016675791,0.032323658,0.011090917,0.010840248,0.00125932,0.008348509,0.019321058,0.012968754,0.012522421,0.001885331,0.009213451,0.024696657,0.064739277,0.064526007,0.004125587,0.052089363,0.103141226,0.312287994,0.313758075,0.028158041,0.191722482,0.420821071
Marysville-18,2018,304,3,4,90,101,321.5,0.5,41.8,2,3.668,119.5245904,0.022395522,0.022162549,0.001872997,0.017219616,0.035130035,0.01183769,0.011529824,0.001572455,0.008459539,0.023749419,0.014274675,0.013826884,0.002262257,0.009892014,0.027310351,0.066990573,0.066831149,0.00394835,0.050834008,0.084885806,0.29302179,0.294069588,0.022062342,0.190670595,0.36437127
Marysville-18,2018,305,3,5,180,202,289,0.5,41.8,1,3.141,106.3327444,0.020880481,0.020726293,0.001598172,0.016202504,0.031577252,0.010851828,0.010615477,0.001281603,0.007982228,0.021379597,0.012751387,0.012301365,0.001917574,0.009346417,0.02970689,0.063959107,0.063824907,0.00336439,0.051745564,0.080100313,0.318107064,0.319761008,0.027026284,0.193872318,0.394901067
Marysville-18,2018,306,3,6,120,135,269.3,0.5,41.8,1,3.54,112.6372619,0.022048159,0.021791544,0.001931394,0.017467961,0.036033787,0.011751183,0.011469658,0.001553503,0.008684057,0.023022067,0.014287186,0.013844257,0.002367809,0.009894356,0.028822027,0.066582887,0.066310272,0.003945442,0.050785482,0.087994754,0.296901581,0.2989344,0.024411688,0.193517923,0.367832392
Marysville-18,2018,401,4,1,90,101,276.2,0.5,41.8,2,3.177,76.64438603,0.023755389,0.023497235,0.002044389,0.017766651,0.033788927,0.012926575,0.012633748,0.001774684,0.009150386,0.023167087,0.016285424,0.015822843,0.002808826,0.009933506,0.031109713,0.070189299,0.070131913,0.00459391,0.046970878,0.09616816,0.278004064,0.278043091,0.024058537,0.184339941,0.385711968
Marysville-18,2018,402,4,2,210,235,315.4,0.5,41.8,1,3.854,142.5552505,0.020902429,0.020796025,0.001382683,0.016753061,0.029395428,0.010999,0.010860544,0.000940219,0.008631238,0.017326243,0.012762746,0.012500115,0.0013534,0.009638393,0.022546558,0.063740655,0.063552119,0.003604827,0.051506706,0.092475295,0.317371488,0.318651438,0.021953185,0.215950593,0.406324625
Marysville-18,2018,403,4,3,0,0,161,0.5,41.8,1,3.47,55.69203986,0.031806742,0.031497329,0.003339748,0.022485849,0.046699494,0.020101677,0.019791186,0.003378981,0.011415158,0.032922123,0.029665336,0.02915309,0.005693587,0.014821132,0.053481475,0.079093135,0.079007179,0.006012606,0.058025926,0.101150081,0.196767492,0.195935667,0.013298641,0.143386692,0.256331265
Marysville-18,2018,404,4,4,180,202,268.6,0.5,41.8,1,3.349,118.9502608,0.021390975,0.021133734,0.001739046,0.016736157,0.034160968,0.011498323,0.011205386,0.001434052,0.008640706,0.022251355,0.013682753,0.013195085,0.002219009,0.009716055,0.030410072,0.063719021,0.063505843,0.003232233,0.052621853,0.080526523,0.304172876,0.303468704,0.02480714,0.199493766,0.389846355
Marysville-18,2018,405,4,5,150,168,292.8,0.5,41.8,1,3.733,125.8468418,0.021439999,0.02126839,0.001523395,0.017378869,0.034665495,0.011069926,0.01079585,0.001264749,0.008265799,0.020567555,0.012939146,0.012494892,0.001839258,0.00941553,0.026581032,0.065421066,0.065288007,0.003345664,0.055294514,0.090334333,0.315589843,0.315888852,0.024660534,0.227058977,0.408896834
Marysville-18,2018,406,4,6,120,135,262.4,0.5,41.8,1,3.785,118.9502608,0.022519124,0.022304118,0.001696008,0.017555939,0.036184631,0.011630319,0.011298405,0.001456624,0.008656466,0.025032662,0.013809986,0.013274333,0.002186037,0.009614406,0.029810781,0.068519845,0.068316936,0.003655284,0.053093143,0.089814886,0.30625799,0.307747662,0.024523143,0.205552086,0.372002244
Biggs-18,2018,101,1,1,90,101,209,0.5,41.8,1,3.485,59.03573383,0.047655804,0.047043957,0.004956991,0.034095399,0.090055563,0.020745163,0.020330552,0.002194178,0.01432526,0.049099158,0.026122709,0.025115384,0.004901423,0.016855728,0.067143098,0.117103421,0.11679893,0.009578355,0.072558053,0.202000171,0.327141917,0.330486447,0.044984028,0.151517853,0.443124443
Biggs-18,2018,102,1,2,180,202,311.8,0.5,41.8,1,3.916,92.60687335,0.039072759,0.038769059,0.00341446,0.027804099,0.062129769,0.018437114,0.018399371,0.001464555,0.013973935,0.035101581,0.019485257,0.019176196,0.002317343,0.013973093,0.053697791,0.101265174,0.100590736,0.008812642,0.07452324,0.168745518,0.453765002,0.455981225,0.029746877,0.291405946,0.584902763
Biggs-18,2018,103,1,3,210,235,355.3,0.5,41.8,2,3.909,96.034556,0.036088344,0.035774745,0.00258582,0.028220857,0.051431112,0.016310489,0.01628172,0.000956092,0.013242956,0.034264997,0.016190638,0.015914537,0.001681848,0.012351206,0.055118285,0.098048193,0.097275659,0.006732895,0.074904792,0.141215354,0.480195382,0.484179795,0.027847421,0.333265603,0.5718593
Biggs-18,2018,104,1,4,120,135,315.2,0.5,41.8,1,3.447,65.8439955,0.043754464,0.043506738,0.00295455,0.033572663,0.060691465,0.020057435,0.020045405,0.001025471,0.016385291,0.031388901,0.021070499,0.020751789,0.001908538,0.016763948,0.048764706,0.112580277,0.112141393,0.006874347,0.087311029,0.14959769,0.437301544,0.442306221,0.033644835,0.249514893,0.518252134
Biggs-18,2018,105,1,5,0,0,168.1,0.5,41.8,1,3.424,44.319127,0.049175634,0.049320772,0.00394279,0.033485211,0.063463725,0.021231775,0.021163715,0.001574915,0.01541266,0.034102488,0.031801563,0.031401739,0.003392263,0.022504929,0.054900389,0.109724566,0.109858654,0.008280349,0.078443684,0.139090478,0.247301691,0.245994151,0.022173535,0.181440517,0.343935996
Biggs-18,2018,106,1,6,150,168,337.4,0.5,41.8,1,3.663,82.90880934,0.040479784,0.040378205,0.002382787,0.029741937,0.054513969,0.019330443,0.019274052,0.001035623,0.013930615,0.024513857,0.019093945,0.019015979,0.001183819,0.015610876,0.054470845,0.104459529,0.104320481,0.005724785,0.075509079,0.130741209,0.468717468,0.472080946,0.031341677,0.256101131,0.551659763
Biggs-18,2018,201,2,1,150,168,309.2,0.5,41.8,1,3.164,74.36851677,0.036523358,0.036237843,0.002910437,0.028327541,0.082816295,0.017250302,0.017193496,0.001078995,0.013181134,0.030199545,0.016693184,0.01648771,0.001624745,0.013624097,0.059297897,0.095519841,0.094781287,0.007623429,0.075240254,0.221118435,0.485479213,0.487076402,0.026477847,0.376572073,0.77959615
Biggs-18,2018,202,2,2,210,235,344.5,0.5,41.8,1,3.157,86.32934233,0.034554518,0.034309618,0.002459914,0.026756424,0.048579391,0.017049103,0.01703826,0.000940497,0.012759247,0.034266949,0.016655768,0.016484614,0.001423252,0.013184539,0.05555696,0.091435702,0.090682238,0.006463669,0.071701057,0.130372807,0.476670398,0.479771107,0.032875614,0.29722023,0.589321673
Biggs-18,2018,203,2,3,90,101,260.3,0.5,41.8,1,3.352,55.91865388,0.041384113,0.04105936,0.00333233,0.029051162,0.061702434,0.018252852,0.018172899,0.001406974,0.013577371,0.027285198,0.019970281,0.019422214,0.002515669,0.014326022,0.044709418,0.108314177,0.108005963,0.00665418,0.082598127,0.139863968,0.390346466,0.394030869,0.039681245,0.244180471,0.492806345
Biggs-18,2018,204,2,4,0,0,163.5,0.5,41.8,1,3.23,40.19567628,0.050943914,0.050963748,0.004102865,0.034954466,0.067493089,0.021435664,0.021371098,0.001564007,0.014111929,0.030561009,0.03044099,0.030114673,0.002983527,0.022896396,0.053827081,0.11948628,0.119490787,0.007550395,0.093276605,0.148577303,0.263970464,0.262807667,0.01915883,0.201622754,0.344889492
Biggs-18,2018,205,2,5,180,202,334.1,0.5,41.8,1,3.516,94.32039925,0.032655892,0.032486908,0.002486354,0.025157142,0.049581364,0.015545012,0.015527232,0.001128322,0.012052311,0.02690088,0.015872138,0.015602514,0.001971295,0.01189656,0.059060473,0.089777613,0.089274615,0.005605537,0.072520547,0.133836403,0.476110523,0.477625757,0.022047607,0.357714921,0.54778266
Biggs-18,2018,206,2,6,120,135,312.9,0.5,41.8,1,3.762,79.49079975,0.035113145,0.034477539,0.003820959,0.026171524,0.068527512,0.015596545,0.015311774,0.001671555,0.011424561,0.031180944,0.018593956,0.017503558,0.004277825,0.011783592,0.064787582,0.097034684,0.096057072,0.007674159,0.076028027,0.149566486,0.423221092,0.426550537,0.028352648,0.235042095,0.501833975
Biggs-18,2018,301,3,1,210,235,326.1,0.5,41.8,1,3.771,97.74934361,0.031933034,0.031394426,0.00321007,0.024717981,0.058503419,0.014876034,0.01472201,0.001274553,0.011174795,0.027273539,0.016970049,0.016126059,0.00320539,0.012214471,0.048483092,0.089065335,0.08778964,0.007557937,0.070614196,0.148572698,0.463845119,0.465373337,0.022840352,0.340936244,0.589093089
Biggs-18,2018,302,3,2,0,0,139.9,0.5,41.8,1,3.409,35.39910491,0.052976051,0.052911237,0.005678857,0.029185034,0.07701125,0.022762207,0.022454491,0.002736943,0.014411635,0.038467541,0.036003069,0.035539292,0.004780438,0.02219322,0.065525383,0.121007289,0.121604308,0.009901247,0.077189222,0.159573734,0.247702674,0.247867197,0.018721384,0.184434414,0.31635952
Biggs-18,2018,303,3,3,150,168,333.3,0.5,41.8,1,3.35,80.06029278,0.032932244,0.032702699,0.00242977,0.02521332,0.045026802,0.015201461,0.015127158,0.001011565,0.011107491,0.020959066,0.015686243,0.015382133,0.001691566,0.012165317,0.04040755,0.090513268,0.090004325,0.005448317,0.073289461,0.119735964,0.474026558,0.475685656,0.022998586,0.365314633,0.55632931
Biggs-18,2018,304,3,4,90,101,382.9,0.5,41.8,2,3.759,94.89171474,0.035588461,0.035071686,0.003606329,0.025612185,0.059877206,0.015665546,0.015403882,0.001723018,0.011125604,0.029073691,0.015268912,0.014719577,0.002457667,0.010517525,0.037545882,0.096760223,0.096129909,0.006592073,0.077164918,0.136636361,0.44621046,0.447939128,0.029699297,0.304572493,0.545600355
Biggs-18,2018,305,3,5,180,202,335.4,0.5,41.8,1,3.124,102.8974915,0.032018829,0.031935055,0.002076192,0.024617787,0.047334712,0.015252276,0.01523124,0.000857155,0.011784438,0.020348994,0.014590679,0.01448744,0.001225919,0.011526166,0.047463745,0.086405693,0.086339325,0.004747135,0.067404658,0.118114449,0.494362015,0.495956868,0.025265558,0.369231761,0.570007086
Biggs-18,2018,306,3,6,120,135,281.4,0.5,41.8,1,3.131,73.2310027,0.034549822,0.034178205,0.00298091,0.024489431,0.05798744,0.016308918,0.016172715,0.001581539,0.011510531,0.028474471,0.016136987,0.015834767,0.002122374,0.012068807,0.088505536,0.092529494,0.092047669,0.005582529,0.073352501,0.155762747,0.464427885,0.467125475,0.026307332,0.332013428,0.53870064
Biggs-18,2018,401,4,1,90,101,308.2,0.5,41.8,1,3.412,90.32315347,0.039535476,0.038132884,0.005347312,0.027312873,0.068896271,0.017198045,0.016689999,0.002138909,0.012325373,0.031981941,0.018981044,0.017721742,0.004008791,0.012791667,0.053780444,0.105388365,0.102862343,0.010766769,0.077571392,0.154936999,0.424329588,0.426520437,0.027708909,0.321698517,0.514606535
Biggs-18,2018,402,4,2,210,235,382.4,0.5,41.8,1,3.641,62.43860296,0.032594144,0.032240566,0.003024632,0.024663307,0.058944531,0.015615335,0.015534967,0.001346129,0.011525563,0.026855012,0.015638733,0.015336201,0.00211879,0.010949077,0.077176273,0.089335271,0.088702112,0.006233248,0.071829252,0.152456149,0.509838783,0.511119485,0.020712851,0.418993622,0.574907482
Biggs-18,2018,403,4,3,0,0,172.7,0.5,41.8,1,3.184,38.38931383,0.06430187,0.063901201,0.005640582,0.048532378,0.090248324,0.02822974,0.027671056,0.004483552,0.018094281,0.050602283,0.043843295,0.043107405,0.007764682,0.023728175,0.081700869,0.150226718,0.149765939,0.008527068,0.118511803,0.187176719,0.323500845,0.323658764,0.017738567,0.255664647,0.40854013
Biggs-18,2018,404,4,4,180,202,384.9,0.5,41.8,2,3.938,102.3251947,0.036331702,0.035492044,0.004605496,0.026541442,0.069419578,0.017257347,0.016946305,0.001957855,0.011769856,0.030923778,0.019409679,0.018731341,0.003673716,0.012853288,0.05329055,0.096965304,0.095660701,0.008843859,0.075616084,0.159659952,0.46696798,0.468177557,0.021967581,0.361135364,0.535461843
Biggs-18,2018,405,4,5,150,168,287.9,0.5,41.8,1,3.38,72.66235081,0.036945761,0.036226645,0.004127046,0.026389332,0.064744711,0.016514217,0.01624535,0.001696111,0.012346658,0.03017864,0.019592433,0.018818783,0.003727432,0.012807463,0.04670915,0.100148825,0.099040926,0.008132417,0.075712673,0.14822188,0.450776424,0.452118516,0.021539601,0.35123992,0.532126069
Biggs-18,2018,406,4,6,120,135,311.3,0.5,41.8,1,3.018,55.46543707,0.042291118,0.041393884,0.005309066,0.030342221,0.078296773,0.018718779,0.018347617,0.002142328,0.013645192,0.037411574,0.023655539,0.022219023,0.005665685,0.014880657,0.079093903,0.11110116,0.109644555,0.010673265,0.085616224,0.17613481,0.423414417,0.428197742,0.031295735,0.283729404,0.500697553
Arbuckle-19,2019,101,1,1,180,202,214.5,0.5,41.9,1,3.886,115.20296,0.039161751,0.038271882,0.003266858,0.035223451,0.065779716,0.019368779,0.018408805,0.003069129,0.016418379,0.043132525,0.021307132,0.019168008,0.006087214,0.017581351,0.068908788,0.103842019,0.103133984,0.004779677,0.080911018,0.141297802,0.411528957,0.420664787,0.038214312,0.221715286,0.475465685
Arbuckle-19,2019,102,1,2,120,135,195.7,0.5,41.9,1,3.741,87.3102315,0.040948581,0.040702835,0.002167172,0.035849188,0.060181815,0.019737637,0.019519117,0.001703837,0.017069409,0.035722673,0.022907434,0.022202168,0.003920955,0.018593511,0.06036533,0.109176281,0.108775795,0.00408424,0.092103288,0.140361175,0.409200967,0.409725964,0.018967817,0.286995471,0.474559337
Arbuckle-19,2019,103,1,3,90,101,184.9,0.5,41.9,1,3.517,68.45863097,0.045293025,0.044795059,0.002925613,0.038988881,0.071966507,0.020887848,0.020212136,0.002800425,0.018525342,0.047114391,0.026223914,0.024862424,0.005370832,0.021747826,0.07170213,0.117503256,0.117302373,0.004686825,0.097505689,0.14439939,0.378206436,0.380933046,0.017469628,0.283416659,0.42596513
Arbuckle-19,2019,104,1,4,0,0,97.1,0.5,41.9,1,3.632,46.35906247,0.048339168,0.047621444,0.003452981,0.042735204,0.070165329,0.026235747,0.025480129,0.002785159,0.023398399,0.043814342,0.039986687,0.038550254,0.005699031,0.034382865,0.077476874,0.097404632,0.09601225,0.007671702,0.082138568,0.151738703,0.201206708,0.198744953,0.013537845,0.173221931,0.296997726
Arbuckle-19,2019,105,1,5,210,235,254,0.5,41.9,1,3.541,108.8207371,0.035914338,0.035403483,0.002219994,0.032359309,0.058665562,0.016839374,0.016574509,0.001424881,0.014705364,0.034559496,0.018807211,0.018265545,0.002698853,0.016150242,0.058487155,0.100786124,0.099887647,0.004219907,0.092930809,0.137055665,0.469704173,0.473368675,0.018146039,0.334810376,0.504653573
Arbuckle-19,2019,106,1,6,150,168,224.9,0.5,41.9,1,3.891,109.3944695,0.038935442,0.038727455,0.001808871,0.035299733,0.053513926,0.018273404,0.018012397,0.001340855,0.016498862,0.031164324,0.021021452,0.020343114,0.003043041,0.018027188,0.049760938,0.106430308,0.106248438,0.003613639,0.09087117,0.126403809,0.441696778,0.444521308,0.02122806,0.269124001,0.489165783
Arbuckle-19,2019,201,2,1,0,0,116.6,0.5,41.9,1,3.777,47.2604931,0.051029506,0.050555531,0.003117791,0.045162246,0.074261114,0.027004468,0.026205678,0.003078396,0.02385344,0.051483762,0.039804577,0.038446121,0.005319052,0.034536056,0.087031618,0.106374048,0.10561721,0.006146796,0.083549656,0.150150612,0.222839716,0.221015349,0.011863038,0.17321904,0.294757456
Arbuckle-19,2019,202,2,2,180,202,197.2,0.5,41.9,1,3.744,112.689592,0.036738015,0.036102559,0.002812007,0.033659428,0.062242903,0.017679502,0.017017119,0.002423359,0.01579297,0.040415138,0.019850467,0.018531753,0.004776013,0.016738178,0.064654276,0.100804469,0.100053199,0.00428478,0.087108046,0.138136968,0.432794399,0.437102079,0.024051145,0.273380637,0.47948572
Arbuckle-19,2019,203,2,3,120,135,200.5,0.5,41.9,1,3.881,91.2497883,0.040241184,0.039758779,0.002209416,0.037176944,0.06131655,0.01906607,0.018541869,0.002041191,0.017015185,0.039960094,0.022248937,0.021203902,0.004118994,0.018914865,0.062572896,0.107289173,0.106950551,0.003575334,0.087626226,0.134959117,0.394178266,0.39567399,0.020308726,0.23053433,0.444155514
Arbuckle-19,2019,204,2,4,90,101,194,0.5,41.9,1,3.585,70.75904472,0.041627104,0.041053645,0.002754637,0.037611101,0.067173883,0.019876192,0.019311581,0.002577001,0.017655972,0.047748532,0.023999439,0.02275045,0.005056606,0.02026427,0.081069231,0.107447919,0.106786385,0.004966582,0.092611283,0.1379399,0.352769806,0.353220612,0.018225619,0.2749165,0.401917696
Arbuckle-19,2019,205,2,5,210,235,224.5,0.5,41.9,1,3.404,113.5370656,0.035826819,0.03539665,0.002026564,0.032770775,0.055203311,0.017134571,0.016711157,0.001698573,0.015299174,0.033332128,0.0184181,0.017434947,0.003299146,0.015755516,0.04671368,0.099173253,0.098722219,0.003294398,0.086082779,0.126759008,0.453440969,0.458371818,0.02722361,0.278948903,0.499071032
Arbuckle-19,2019,206,2,6,150,168,213.6,0.5,41.9,1,3.599,99.21674722,0.038321363,0.038050544,0.001640533,0.035094492,0.051682301,0.018504158,0.018213591,0.001288722,0.016980944,0.032898027,0.020308212,0.019729247,0.002464012,0.018145731,0.050666034,0.102176922,0.101911545,0.003101162,0.090706497,0.118623123,0.396907839,0.399571776,0.022241071,0.294714302,0.449828565
Arbuckle-19,2019,301,3,1,120,135,186.4,0.5,41.9,1,3.822,91.60838938,0.041303523,0.040826913,0.002526235,0.037292995,0.060693808,0.01965543,0.019145016,0.002074576,0.017573759,0.036777243,0.023190183,0.021968048,0.004500075,0.019717541,0.061100077,0.109419664,0.108769849,0.004857936,0.09601336,0.143905491,0.394871446,0.396352887,0.019037208,0.273237407,0.442104757
Arbuckle-19,2019,302,3,2,90,101,183.5,0.5,41.9,1,3.364,60.08078639,0.046701066,0.046435982,0.002500374,0.041961059,0.068293467,0.022374161,0.022006188,0.002145299,0.020320103,0.042023186,0.02838882,0.027641274,0.004791937,0.023947464,0.071631484,0.1166338,0.116392657,0.0068261,0.097623311,0.153083518,0.343211391,0.342817843,0.031630396,0.258927435,0.415306687
Arbuckle-19,2019,303,3,3,150,168,221.9,0.5,41.9,1,3.553,90.23416784,0.040622669,0.040203728,0.002208103,0.035471875,0.055269703,0.019604236,0.019171555,0.001653415,0.017722523,0.032139044,0.022518695,0.021480676,0.003636662,0.01935555,0.050077312,0.109011216,0.108438075,0.004356792,0.091545314,0.133025914,0.430062657,0.435059607,0.025135714,0.306701273,0.48146978
Arbuckle-19,2019,304,3,4,0,0,102.3,0.5,41.9,1,3.188,38.87666277,0.053351046,0.052660767,0.003934336,0.044456895,0.076456316,0.028686928,0.027780041,0.003236169,0.024881277,0.049551457,0.04543479,0.043372221,0.007371618,0.038380701,0.092735276,0.10642877,0.105022177,0.008792769,0.086418837,0.15587312,0.212463173,0.208583951,0.017606378,0.178617984,0.316453457
Arbuckle-19,2019,305,3,5,180,202,216.6,0.5,41.9,1,3.903,127.4585094,0.037567527,0.037098184,0.002286306,0.034319699,0.055415068,0.018203225,0.017781897,0.001680887,0.016418992,0.033718277,0.020052958,0.01911816,0.003550873,0.017227873,0.052861795,0.102873584,0.10221678,0.004099172,0.091885671,0.13176322,0.442016829,0.444354773,0.022570976,0.32282117,0.495662868
Arbuckle-19,2019,306,3,6,210,235,215.7,0.5,41.9,1,3.43,108.428294,0.037598642,0.03695707,0.00276378,0.034573458,0.063174702,0.018524086,0.018021528,0.002098293,0.016597334,0.039779238,0.020303165,0.019269265,0.00394158,0.017596364,0.062077444,0.102129053,0.101131022,0.004591075,0.095540442,0.139468059,0.449313398,0.451194763,0.026347526,0.345003754,0.502781391
Arbuckle-19,2019,401,4,1,0,0,111.3,0.5,41.9,1,3.087,39.07920635,0.051768184,0.051206492,0.00369741,0.043732554,0.074134164,0.027518514,0.026677229,0.003354367,0.023865161,0.050154604,0.040188981,0.038852066,0.005918839,0.033922091,0.080839895,0.108222784,0.107637346,0.006852626,0.086722389,0.147222817,0.226935793,0.22440815,0.015968215,0.183544174,0.302968025
Arbuckle-19,2019,402,4,2,210,235,215.6,0.5,41.9,1,3.236,105.8042578,0.037972864,0.037292052,0.00278223,0.034208067,0.059616428,0.019159918,0.018567275,0.002297918,0.017026303,0.038460862,0.021211497,0.019880867,0.004555991,0.017600574,0.059430994,0.099952224,0.099172316,0.004373409,0.087115653,0.130640954,0.397331114,0.399510026,0.030006265,0.269231141,0.469338536
Arbuckle-19,2019,403,4,3,150,168,181.4,0.5,41.9,1,3.667,105.3221147,0.038880361,0.038324513,0.002686746,0.035733555,0.062288765,0.019524129,0.018975522,0.002311751,0.017568491,0.040593855,0.022191931,0.021002859,0.004527338,0.018829649,0.060394283,0.100871621,0.100103863,0.004445315,0.088613383,0.131901637,0.371945596,0.374406755,0.025559065,0.240255952,0.438002199
Arbuckle-19,2019,404,4,4,180,202,197.8,0.5,41.9,1,3.227,101.5901224,0.038106056,0.03739237,0.003178633,0.034076687,0.065331295,0.019120285,0.018531132,0.002605668,0.016658494,0.043957587,0.02152216,0.020145442,0.005052375,0.018055538,0.070894428,0.100031378,0.099058926,0.005168164,0.083614379,0.133478612,0.386053658,0.389454842,0.02600078,0.235348448,0.453545958
Arbuckle-19,2019,405,4,5,120,135,191.6,0.5,41.9,1,3.494,83.974845,0.041777873,0.041189447,0.002692245,0.037844144,0.06159687,0.020833652,0.020266861,0.0021928,0.0185313,0.038801573,0.024017052,0.022867341,0.00425367,0.020261357,0.057821877,0.106596973,0.105799712,0.004776671,0.096319392,0.13997215,0.361385687,0.363033473,0.019533617,0.288626134,0.408961266
Arbuckle-19,2019,406,4,6,90,101,181.2,0.5,41.9,1,3.868,89.42808373,0.043413789,0.042279825,0.004606687,0.038008735,0.079584718,0.021696685,0.020650633,0.004055804,0.018381195,0.05675073,0.026430291,0.024329696,0.007776028,0.020597545,0.088286988,0.107202095,0.106061362,0.006839925,0.087747596,0.153317496,0.332380859,0.333783388,0.01916911,0.240185007,0.390634656
Davis-19,2019,101,1,1,150,168,212.6,0.5,41.9,1,3.028,83.974845,0.041902589,0.040923879,0.003645944,0.036378436,0.072784774,0.019952436,0.019374289,0.002060188,0.017272223,0.038877293,0.02250599,0.021546952,0.003633943,0.018101655,0.060615908,0.105503265,0.103864484,0.007077719,0.0928353,0.161980972,0.346614975,0.346602678,0.020931612,0.272587895,0.399582177
Davis-19,2019,102,1,2,180,202,190.9,0.5,41.9,1,3.495,98.28632963,0.041432231,0.0407506,0.002903888,0.036761332,0.067155249,0.020195292,0.019660119,0.002075693,0.017502047,0.039276872,0.021733714,0.020760693,0.003500032,0.01793763,0.05668284,0.103626268,0.102596067,0.005113129,0.09249191,0.137609929,0.344326799,0.344345391,0.026862635,0.276691109,0.447576672
Davis-19,2019,103,1,3,0,0,161.3,0.5,41.9,1,3.357,64.45539322,0.055302718,0.054889105,0.003604483,0.047733657,0.07922148,0.029955263,0.029722333,0.002633815,0.023331994,0.045819256,0.036958611,0.036099073,0.00496461,0.026174722,0.067946933,0.125878027,0.125744075,0.005890644,0.111958444,0.161724776,0.283816367,0.282287806,0.014892665,0.241436854,0.37791729
Davis-19,2019,104,1,4,210,235,227.7,0.5,41.9,1,3.242,97.86630859,0.039410898,0.038298592,0.006021234,0.031054204,0.105923608,0.022091443,0.021241518,0.003886048,0.017513432,0.061399557,0.025089775,0.023446966,0.006064298,0.018298792,0.086083554,0.103638024,0.101884045,0.008872791,0.091904208,0.217464283,0.322943509,0.321489483,0.030610596,0.261104643,0.407348603
Davis-19,2019,105,1,5,120,135,147.4,0.5,41.9,1,3.313,88.3240797,0.046227789,0.04628833,0.004309852,0.037759926,0.063647516,0.024536436,0.024744954,0.003464342,0.017757371,0.040292419,0.029389784,0.029310977,0.005205881,0.019782638,0.053082801,0.107007837,0.106842309,0.006041381,0.093028761,0.133219078,0.273284873,0.269699216,0.018676346,0.233584851,0.3600927
Davis-19,2019,106,1,6,90,101,167,0.5,41.9,1,3.386,71.31989205,0.04710652,0.046564043,0.004414834,0.038712744,0.068847172,0.02437933,0.024263773,0.003317373,0.018065179,0.040941942,0.029507386,0.02872297,0.005902742,0.020229647,0.060942724,0.108885117,0.10738375,0.007254584,0.094404034,0.141547278,0.269580923,0.267652512,0.014045058,0.240858659,0.330306828
Davis-19,2019,201,2,1,0,0,139.4,0.5,41.9,1,3.407,81.95304408,0.054860121,0.053951576,0.004633063,0.045200944,0.093841068,0.030451359,0.029852271,0.003128705,0.023038812,0.053299487,0.039908765,0.038264014,0.00661487,0.027397159,0.079733782,0.12351598,0.122685991,0.008044893,0.101771653,0.182724029,0.247757513,0.246622592,0.009898559,0.220757753,0.321524233
Davis-19,2019,202,2,2,90,101,158,0.5,41.9,1,3.547,85.55236593,0.04804954,0.047785036,0.003571537,0.040610872,0.06675759,0.025830687,0.02570029,0.002822161,0.019316671,0.041389763,0.030790988,0.030459991,0.004604871,0.021101169,0.058936577,0.11052902,0.109702051,0.006199895,0.096393831,0.137051448,0.262893771,0.261259913,0.012721683,0.233207002,0.314301044
Davis-19,2019,203,2,3,150,168,172.1,0.5,41.9,1,3.409,91.90728212,0.045842754,0.045319751,0.004150405,0.037069362,0.060948208,0.024133225,0.023747947,0.003499461,0.018192019,0.036588315,0.028094871,0.027003681,0.006028072,0.01907365,0.053232957,0.108003587,0.106519498,0.00700858,0.091811374,0.138273343,0.2854407,0.283331126,0.019797779,0.237959266,0.345084161
Davis-19,2019,204,2,4,210,235,190,0.5,41.9,1,3.19,101.2895117,0.045458855,0.044494528,0.005106012,0.036643103,0.08113987,0.02380403,0.023162492,0.003957489,0.01771635,0.050127707,0.024916166,0.023265954,0.007474043,0.0155883,0.085160479,0.106058351,0.103967853,0.008927684,0.090066388,0.16331175,0.295719719,0.292948186,0.021411817,0.245026678,0.386672765
Davis-19,2019,205,2,5,180,202,143.3,0.5,41.9,1,3.704,117.9931437,0.048941336,0.048460588,0.004676728,0.038339436,0.074372724,0.026630578,0.026327159,0.003687577,0.018703973,0.047832258,0.031705081,0.030840129,0.006388016,0.019834381,0.070686653,0.115475969,0.115053833,0.008096514,0.094217338,0.154850215,0.279149276,0.277467906,0.014739084,0.233096689,0.349915951
Davis-19,2019,206,2,6,120,135,157,0.5,41.9,1,3.35,91.78771864,0.052407022,0.052162219,0.004685153,0.040331922,0.074506447,0.029669462,0.02935404,0.003898504,0.019502107,0.047094904,0.036941408,0.036582176,0.006829302,0.021299792,0.070169181,0.122617158,0.123480022,0.007961563,0.100265138,0.15276812,0.266348145,0.265911043,0.013215245,0.214736447,0.31939438
Davis-19,2019,301,3,1,0,0,93.6,0.5,41.9,1,3.436,68.07554329,0.058156169,0.057792269,0.003555691,0.050323986,0.078461856,0.033478719,0.033188254,0.002728531,0.02718957,0.05047109,0.043301228,0.042514533,0.005066976,0.032857783,0.07449767,0.137335648,0.136675507,0.005133105,0.122745559,0.166402906,0.263978956,0.264103919,0.007045298,0.239775389,0.300808936
Davis-19,2019,302,3,2,150,168,152.8,0.5,41.9,1,3.424,80.14146245,0.044329434,0.043803498,0.004804509,0.035093341,0.069899619,0.023141942,0.02282859,0.003836706,0.016752219,0.043160848,0.026386182,0.025619145,0.005653171,0.018004715,0.063745335,0.10603426,0.105078459,0.008056549,0.088294096,0.148114741,0.286757147,0.285825551,0.015809724,0.235904604,0.343994975
Davis-19,2019,303,3,3,180,202,170.7,0.5,41.9,1,3.529,100.2077534,0.043612899,0.041842364,0.006007531,0.034144327,0.079278231,0.02307997,0.021851819,0.004719359,0.016378762,0.047003135,0.026276732,0.024231249,0.007356944,0.017338043,0.072105572,0.105993121,0.1022553,0.011019592,0.087747671,0.158236191,0.294385767,0.29200089,0.020956902,0.244187251,0.356630832
Davis-19,2019,304,3,4,210,235,162.5,0.5,41.9,1,3.388,85.67148475,0.038351905,0.037354715,0.004025612,0.032861151,0.080017589,0.019041873,0.018226564,0.002846146,0.015374586,0.042969499,0.020676137,0.019216236,0.004698916,0.015698545,0.069204934,0.098474019,0.096963584,0.007242234,0.086086944,0.174473479,0.312225413,0.313198149,0.021477263,0.255754501,0.37562561
Davis-19,2019,305,3,5,120,135,199.3,0.5,41.9,1,3.311,79.54793209,0.040647959,0.040104575,0.003304343,0.034160491,0.074522279,0.019407025,0.019148504,0.00231558,0.015345621,0.038598325,0.023481715,0.02286854,0.004308055,0.016465846,0.06266702,0.106604609,0.105255544,0.007206831,0.090340018,0.167568237,0.301800596,0.301129818,0.020607551,0.244919017,0.367391676
Davis-19,2019,306,3,6,90,101,148.2,0.5,41.9,1,3.159,59.75829691,0.044786926,0.043884404,0.004471192,0.03725753,0.065620281,0.022085778,0.021350667,0.003721052,0.016300581,0.039099868,0.026633279,0.025359511,0.005663325,0.018260587,0.060603946,0.110430429,0.109046713,0.00705122,0.098098032,0.157649085,0.27361656,0.272225678,0.018017534,0.213309139,0.331379473
Davis-19,2019,401,4,1,150,168,205.7,0.5,41.9,1,3.179,72.44216275,0.040107862,0.039718427,0.00311129,0.033933368,0.062592991,0.019249243,0.018845789,0.002632843,0.015371583,0.039169259,0.022527143,0.021387452,0.00469835,0.016459273,0.058364082,0.101810419,0.100850582,0.00568966,0.086780742,0.139678523,0.299287381,0.297831059,0.021498359,0.233127445,0.375508517
Davis-19,2019,402,4,2,0,0,106.2,0.5,41.9,1,3.171,51.71697631,0.059538389,0.05917111,0.003622486,0.050208256,0.075423859,0.032667505,0.032208793,0.003182845,0.024548037,0.047961164,0.042033865,0.041095342,0.005579445,0.030779349,0.072038613,0.139206321,0.139601886,0.007192349,0.119162031,0.162400246,0.266977733,0.267061234,0.01526568,0.226661861,0.324850798
Davis-19,2019,403,4,3,180,202,181.9,0.5,41.9,1,3.635,81.00245938,0.039987296,0.03959769,0.003082088,0.034017347,0.061208524,0.019161426,0.0188343,0.002529484,0.015112878,0.033365853,0.021683834,0.021092732,0.003535939,0.016562384,0.053029574,0.101774458,0.100777835,0.005635725,0.089814581,0.146526799,0.312019919,0.312344849,0.02339706,0.257819414,0.375903338
Davis-19,2019,404,4,4,210,235,234.5,0.5,41.9,1,3.679,105.4426377,0.040505913,0.039116494,0.004403571,0.033231426,0.066271625,0.020701127,0.019541301,0.003395423,0.015239386,0.039051902,0.022989166,0.021186411,0.005090923,0.016287921,0.05144532,0.102757513,0.100126117,0.00837265,0.088469394,0.148053661,0.306944459,0.304732084,0.01918434,0.260059804,0.367438585
Davis-19,2019,405,4,5,90,101,159.3,0.5,41.9,1,3.715,60.8139564,0.047287054,0.04655873,0.004539575,0.038834602,0.082183979,0.024296675,0.023646262,0.003597597,0.017504495,0.045209989,0.029257204,0.02815932,0.005877908,0.019810755,0.071220629,0.11517699,0.113375999,0.008717668,0.100961618,0.174060866,0.265765575,0.264257491,0.014205741,0.227427661,0.319068283
Davis-19,2019,406,4,6,120,135,180.7,0.5,41.9,1,3.191,67.42744584,0.041581094,0.040775366,0.005046465,0.033526946,0.071802214,0.020320908,0.019335682,0.003458001,0.015428676,0.03338293,0.023472866,0.021728601,0.00561691,0.015728213,0.049894508,0.106006684,0.104026072,0.009892203,0.090080179,0.168515623,0.290042374,0.286969125,0.023187343,0.239908919,0.390704781
Marysville-19,2019,101,1,1,150,168,317.9,0.5,41.9,1,3.623,71.52656842,0.034694532,0.03460978,0.001082732,0.032165989,0.040434755,0.017354303,0.017274354,0.000570187,0.01610655,0.020953937,0.015616014,0.015468054,0.000861232,0.013814475,0.022893738,0.094407433,0.094120063,0.002734492,0.08583124,0.10854242,0.436811203,0.435353905,0.025607447,0.375164181,0.499435037
Marysville-19,2019,102,1,2,210,235,295.1,0.5,41.9,1,3.234,81.86390363,0.034848147,0.03458428,0.00189007,0.032259569,0.054113254,0.018344712,0.018251603,0.000645183,0.017032059,0.022750156,0.015676098,0.015479438,0.000854237,0.014353088,0.023051605,0.091904399,0.091351897,0.005473814,0.084720753,0.151860669,0.462103701,0.462395638,0.029598742,0.351863742,0.634891689
Marysville-19,2019,103,1,3,0,0,204.1,0.5,41.9,1,3.24,37.22834951,0.053377733,0.05329448,0.002234776,0.047606599,0.067302771,0.026103984,0.025870215,0.001507732,0.023167716,0.034540053,0.029874853,0.029362276,0.003265546,0.023405995,0.050331041,0.12482175,0.124396451,0.005046111,0.110280998,0.153840974,0.306304145,0.306025863,0.015036732,0.247570723,0.353204727
Marysville-19,2019,104,1,4,120,135,268.2,0.5,41.9,1,3.466,65.74948183,0.040629438,0.040510036,0.001626548,0.037450831,0.053712159,0.021532105,0.021422131,0.00065355,0.0202305,0.024951406,0.019064267,0.018705688,0.001115249,0.01716442,0.026514886,0.102920616,0.102544367,0.004339558,0.092005104,0.138494492,0.416113525,0.41820088,0.027719065,0.311764538,0.502092004
Marysville-19,2019,105,1,5,90,101,283.3,0.5,41.9,1,3.153,59.64104396,0.040237568,0.039931666,0.002648726,0.034651119,0.051998455,0.020339613,0.020120602,0.001316271,0.017968291,0.026232665,0.018487552,0.01818997,0.001649099,0.015595122,0.02769734,0.103624536,0.103273213,0.005413001,0.090677932,0.129547939,0.399092852,0.400800318,0.021154032,0.33216095,0.457479358
Marysville-19,2019,106,1,6,180,202,304.1,0.5,41.9,1,3.427,90.59255191,0.033368365,0.03303238,0.001760219,0.030494273,0.046274778,0.017902348,0.01779831,0.000783672,0.016335964,0.022541899,0.015479861,0.015221046,0.000943272,0.013912809,0.021495434,0.088381851,0.087896749,0.003933897,0.079864152,0.114866003,0.424288231,0.423743963,0.031007223,0.330064237,0.494983226
Marysville-19,2019,201,2,1,120,135,351.8,0.5,41.9,2,3.075,60.93129445,0.03611072,0.035813473,0.002233779,0.032390703,0.051812515,0.018681914,0.018462151,0.000978182,0.017034225,0.023302153,0.016885628,0.016609238,0.001334306,0.014297261,0.021791045,0.09480438,0.093891233,0.005443948,0.085573457,0.137438536,0.393602058,0.392174214,0.028218452,0.329904228,0.529388666
Marysville-19,2019,202,2,2,180,202,334.9,0.5,41.9,1,3.346,74.5410951,0.033740957,0.033259157,0.002232573,0.03058752,0.049520988,0.017466022,0.017312502,0.000835047,0.016186297,0.021604659,0.014941217,0.014760078,0.000952574,0.013429657,0.019938562,0.091460264,0.090438269,0.005427941,0.083767094,0.134721041,0.438949179,0.438134283,0.025603588,0.369586617,0.516834617
Marysville-19,2019,203,2,3,0,0,232.7,0.5,41.9,1,3.596,35.40854013,0.056176151,0.056156289,0.002262154,0.049860187,0.064564094,0.027074619,0.026699472,0.001902132,0.022931544,0.034611043,0.032232201,0.03138293,0.003731605,0.024837848,0.048767477,0.129068113,0.128902823,0.004679206,0.11438819,0.147511721,0.294560854,0.295356452,0.011795246,0.2537781,0.325959593
Marysville-19,2019,204,2,4,90,101,281.5,0.5,41.9,1,3.749,61.60615339,0.038482335,0.038330443,0.001773078,0.034660488,0.048663836,0.020049655,0.019751364,0.001280733,0.017719638,0.027634757,0.019794989,0.019272219,0.002209434,0.016287792,0.032604795,0.098181476,0.09812694,0.003286862,0.090360463,0.127886355,0.344449821,0.342881113,0.020774459,0.303791702,0.44174096
Marysville-19,2019,205,2,5,210,235,317.8,0.5,41.9,1,3.079,81.47768365,0.031762371,0.031318948,0.001935005,0.028786181,0.046703469,0.01700185,0.016704559,0.000969386,0.015428009,0.023517765,0.015008688,0.014619247,0.001479574,0.013079164,0.026524516,0.085243208,0.084346846,0.00477168,0.077733956,0.133280084,0.411707033,0.413380116,0.028929975,0.321201265,0.563618064
Marysville-19,2019,206,2,6,150,168,295.4,0.5,41.9,1,3.243,69.19559069,0.03430231,0.034097776,0.001574863,0.031536445,0.045548912,0.017838365,0.017646071,0.000763889,0.016434696,0.02236543,0.015641426,0.015308155,0.00119297,0.013607102,0.023502776,0.09216831,0.09168525,0.003805217,0.084443912,0.12161734,0.416732784,0.417701125,0.02606426,0.344932318,0.491302043
Marysville-19,2019,301,3,1,0,0,216.5,0.5,41.9,1,3.221,32.78365355,0.056480034,0.055861633,0.004614727,0.046837632,0.07004308,0.027452355,0.026127635,0.004206877,0.021797502,0.04218467,0.031909532,0.029647171,0.007198325,0.022881536,0.058368385,0.129931653,0.130092457,0.006287565,0.112547904,0.146446541,0.298487574,0.30052498,0.013206978,0.249179095,0.347886086
Marysville-19,2019,302,3,2,150,168,300.3,0.5,41.9,1,3.233,67.10349366,0.034017231,0.033920828,0.001439164,0.03055341,0.047713824,0.017519386,0.017488251,0.000672285,0.016028292,0.021652097,0.016014664,0.015948646,0.001112216,0.013599561,0.021643061,0.091318888,0.091191284,0.003402977,0.080299608,0.130424723,0.38029415,0.37641114,0.023293418,0.303183109,0.464857608
Marysville-19,2019,303,3,3,120,135,294.7,0.5,41.9,1,3.906,75.13282768,0.036407402,0.036286771,0.001817059,0.031887721,0.045272261,0.018572509,0.018411851,0.001030472,0.016658317,0.021601109,0.017599054,0.017280124,0.001763319,0.014424018,0.025245333,0.094881576,0.094475962,0.003802526,0.082130902,0.118921779,0.363477147,0.364962667,0.030763552,0.301835001,0.438363999
Marysville-19,2019,304,3,4,210,235,332.5,0.5,41.9,1,3.329,91.13027162,0.03285283,0.032453388,0.002043498,0.030037798,0.050206795,0.017700281,0.017500129,0.000803727,0.016467385,0.022937199,0.015333146,0.014906665,0.001231729,0.013728171,0.022291422,0.086294566,0.085554056,0.00511146,0.077460259,0.134235337,0.422699626,0.428656161,0.0424442,0.31054318,0.501806974
Marysville-19,2019,305,3,5,180,202,321.4,0.5,41.9,1,3.313,87.72762394,0.033684734,0.033414982,0.001584248,0.030860808,0.044086862,0.01795364,0.017810673,0.00069637,0.016833279,0.022240877,0.015569145,0.015294863,0.00104164,0.01404609,0.021385022,0.08849356,0.087797418,0.004255003,0.081927657,0.119366698,0.419259459,0.421773195,0.024518229,0.347907394,0.493046075
Marysville-19,2019,306,3,6,90,101,281.3,0.5,41.9,1,3.919,69.43148801,0.038389199,0.037986424,0.002019967,0.034471966,0.049083166,0.01960023,0.019388597,0.001302316,0.017713403,0.027922533,0.01814423,0.01757694,0.002448032,0.015345536,0.035205245,0.09865518,0.098166481,0.004211353,0.08826106,0.123355582,0.377881628,0.376697093,0.02485483,0.297740489,0.437884331
Marysville-19,2019,401,4,1,0,0,180.4,0.5,41.9,1,3.665,38.67414525,0.060207255,0.060275503,0.003199802,0.050455734,0.069185302,0.031974517,0.031908363,0.002907339,0.024146609,0.040959138,0.042136766,0.04213227,0.005467852,0.027345199,0.062736429,0.132637083,0.132837385,0.004876732,0.113400549,0.148370236,0.274438882,0.274529308,0.010165265,0.239702806,0.320073307
Marysville-19,2019,402,4,2,210,235,290.2,0.5,41.9,1,3.976,106.2563906,0.03391247,0.033689871,0.001530219,0.030539747,0.045038473,0.018894045,0.018783227,0.000953881,0.016900623,0.027658712,0.017049424,0.016714744,0.001605737,0.014701704,0.032751158,0.087245913,0.086673453,0.003682388,0.081237748,0.113910884,0.391170494,0.392679065,0.031380964,0.301378042,0.462138981
Marysville-19,2019,403,4,3,120,135,277.4,0.5,41.9,1,3.156,60.75529056,0.037371904,0.03709691,0.001967022,0.03261815,0.047702812,0.01992049,0.019615471,0.001287937,0.017360747,0.028196558,0.018555031,0.017819813,0.002288763,0.015204126,0.033780281,0.095757929,0.095653802,0.00412541,0.086166568,0.116680034,0.380809969,0.377800822,0.024730219,0.312350154,0.457297653
Marysville-19,2019,404,4,4,150,168,307,0.5,41.9,1,3.689,86.14804513,0.038831552,0.038747974,0.001365099,0.034424752,0.044969719,0.020471848,0.020418845,0.000987042,0.01773569,0.025509017,0.019659691,0.019442586,0.001983015,0.015501241,0.030874027,0.099233911,0.098991022,0.003596362,0.090566307,0.11427398,0.374393106,0.365319371,0.035304676,0.303520232,0.488810092
Marysville-19,2019,405,4,5,90,101,274.7,0.5,41.9,1,3.952,57.9125515,0.04075194,0.040316902,0.002696541,0.035834786,0.052716903,0.020917909,0.020926693,0.001262383,0.018294975,0.025594492,0.020745582,0.020653306,0.002241424,0.01660105,0.03069645,0.104937717,0.103874497,0.005555685,0.092800774,0.136473864,0.363665857,0.361555427,0.025662528,0.307236373,0.441807866
Marysville-19,2019,406,4,6,180,202,332.1,0.5,41.9,1,3.199,74.51151406,0.036231942,0.035787277,0.002112502,0.032953102,0.047997423,0.019389824,0.019040201,0.001439943,0.017570989,0.02906405,0.018144048,0.01746868,0.002386519,0.015485847,0.035431065,0.095090648,0.094417378,0.004139674,0.086259834,0.114277892,0.40248975,0.408520222,0.040566872,0.291617095,0.489720881
RES-19,2019,101,1,1,90,101,222.9,0.5,41.9,1,3.407,72.67852813,0.037828918,0.037449185,0.004473252,0.02556744,0.122511484,0.01982253,0.019347969,0.003181412,0.014107097,0.090291649,0.020944638,0.01991483,0.005972687,0.015093117,0.140208796,0.093571703,0.093592249,0.01115682,0.054567397,0.235979214,0.34115501,0.344178587,0.04688407,0.156910226,0.482019722
RES-19,2019,102,1,2,120,135,286.4,0.5,41.9,1,3.566,75.19201263,0.037438539,0.036965463,0.004974096,0.024354039,0.138062477,0.019231255,0.018677719,0.003445734,0.013288318,0.097519025,0.020225532,0.019036004,0.006469816,0.013540762,0.153537944,0.092131682,0.092032358,0.010757323,0.052536774,0.259785414,0.356531185,0.359219223,0.048581671,0.169204354,0.520592928
RES-19,2019,103,1,3,180,202,291.6,0.5,41.9,1,3.212,87.45928827,0.035731119,0.035194904,0.004473384,0.023876498,0.115840361,0.018275746,0.017804351,0.002886442,0.013646713,0.076072127,0.018586062,0.017460536,0.005856991,0.013394056,0.133541331,0.088545909,0.088341311,0.008961258,0.05245867,0.228105605,0.383251784,0.387215465,0.050328946,0.192926109,0.536523283
RES-19,2019,104,1,4,150,168,243.1,0.5,41.9,1,3.693,92.80427948,0.037817256,0.037280701,0.005459241,0.026465937,0.137029216,0.020020925,0.019418508,0.003850725,0.014387669,0.100468479,0.020487197,0.019033577,0.007944404,0.014440913,0.176178575,0.089996321,0.08979699,0.010533825,0.056887675,0.235099807,0.352990423,0.356235266,0.049694148,0.173605949,0.508960724
RES-19,2019,105,1,5,210,235,236.8,0.5,41.9,1,3.643,102.8833547,0.034468022,0.034292236,0.002807655,0.0235702,0.060941882,0.017939816,0.017756257,0.00160496,0.01327308,0.037313316,0.017223345,0.016821694,0.002342171,0.012845469,0.067096844,0.086945818,0.087084614,0.006443083,0.05276541,0.152173474,0.417406011,0.42132026,0.046061264,0.219575524,0.551915765
RES-19,2019,106,1,6,0,0,177.1,0.5,41.9,1,3.125,39.91859311,0.049638532,0.049001988,0.008394113,0.028669676,0.157506898,0.025928927,0.024992064,0.005570696,0.017458675,0.107834972,0.029472735,0.027446471,0.011916265,0.01824329,0.177234277,0.104189096,0.103507824,0.017028881,0.059365287,0.278954715,0.260067705,0.258529574,0.036426168,0.156862333,0.511459649
RES-19,2019,201,2,1,120,135,257.4,0.5,41.9,1,3.811,95.31841877,0.039645166,0.039165966,0.004290247,0.027304659,0.115892,0.020497163,0.020003652,0.002906959,0.014404768,0.075368345,0.021592752,0.02043492,0.005501462,0.014384618,0.136358514,0.094034595,0.093880266,0.009062103,0.061542161,0.219861716,0.353195837,0.353441894,0.053858316,0.181082591,0.555924237
RES-19,2019,202,2,2,180,202,271.5,0.5,41.9,1,3.121,91.13027162,0.039629321,0.038685985,0.005813266,0.026738817,0.176000282,0.020962574,0.020089805,0.00413892,0.014370747,0.108898833,0.022148306,0.020080201,0.007791095,0.014206097,0.192839593,0.092873785,0.092461832,0.010430773,0.060849246,0.304986,0.357462723,0.363692045,0.060186663,0.167825311,0.605755568
RES-19,2019,203,2,3,150,168,248.2,0.5,41.9,1,3.561,98.04630484,0.038523684,0.037849192,0.004831762,0.025189264,0.116574258,0.020273579,0.019766882,0.00321569,0.013090105,0.095455363,0.020813644,0.019585885,0.005816166,0.01170502,0.125361815,0.09109028,0.090511404,0.009359824,0.062521435,0.192004278,0.350037505,0.352256685,0.049661229,0.189470932,0.554794788
RES-19,2019,204,2,4,90,101,206.4,0.5,41.9,1,3.67,85.90974792,0.03917454,0.038511336,0.004721231,0.025039336,0.092104264,0.019598013,0.019118013,0.002773106,0.01317899,0.066938907,0.020531754,0.019312765,0.00496076,0.013119044,0.10382539,0.094579789,0.093821131,0.010552917,0.060064945,0.17713584,0.343269462,0.344671875,0.049046464,0.165546924,0.60492301
RES-19,2019,205,2,5,210,235,261.3,0.5,41.9,1,3.325,97.56635739,0.035060397,0.034398112,0.004580631,0.021818705,0.075532593,0.018162891,0.017706748,0.00277566,0.012458327,0.046189472,0.018494003,0.017504789,0.004272106,0.011612819,0.086993657,0.085445642,0.084950604,0.008975882,0.046401341,0.173002288,0.3542987,0.356209397,0.059124053,0.160503104,0.52135694
RES-19,2019,206,2,6,0,0,193.5,0.5,41.9,1,3.751,59.34794882,0.046750551,0.046209484,0.006371643,0.030506792,0.122694775,0.023244001,0.02257897,0.004089308,0.016174605,0.097214766,0.025885512,0.024369819,0.008010318,0.016999438,0.145399898,0.103909508,0.103066139,0.015665772,0.060212869,0.258159697,0.278830003,0.277477115,0.039762541,0.157935545,0.496828407
RES-19,2019,301,3,1,180,202,261.3,0.5,41.9,1,3.04,90.53281591,0.034027085,0.033760339,0.002772755,0.024628934,0.068542488,0.017363966,0.017082626,0.001809381,0.012775246,0.03902417,0.016730509,0.016065452,0.003027707,0.012686727,0.074716553,0.088540756,0.08858005,0.006326055,0.061582826,0.160338819,0.404373336,0.406968832,0.052716832,0.228588998,0.55014503
RES-19,2019,302,3,2,0,0,182.6,0.5,41.9,1,3.963,60.78462322,0.043633114,0.043102615,0.006016597,0.027434655,0.124348767,0.022615248,0.021774212,0.004471943,0.015351281,0.079553835,0.025306409,0.02348038,0.008946584,0.016180009,0.135990202,0.097705335,0.096629135,0.01438729,0.060254216,0.241604015,0.26700752,0.265016764,0.036095983,0.164862677,0.475452274
RES-19,2019,303,3,3,120,135,259.5,0.5,41.9,1,3.496,90.86139023,0.033587496,0.033327609,0.00307761,0.024386229,0.08241269,0.016187136,0.015900396,0.00184884,0.012445815,0.049862891,0.016214601,0.015587145,0.003368393,0.012234127,0.084674165,0.088441466,0.088135563,0.008388969,0.056254223,0.180388242,0.381277861,0.383258224,0.049595967,0.191682726,0.584952056
RES-19,2019,304,3,4,210,235,208,0.5,41.9,1,3.901,126.3297087,0.036686727,0.035896052,0.004402457,0.02475388,0.081103064,0.019825238,0.018844498,0.003834049,0.013058737,0.050293092,0.020519218,0.018910529,0.00568039,0.013162085,0.079134472,0.085468313,0.08534459,0.00763615,0.059523344,0.174461946,0.320633184,0.319236279,0.060737299,0.162326783,0.490673751
RES-19,2019,305,3,5,150,168,210.7,0.5,41.9,1,3.701,108.3981098,0.034882042,0.034572665,0.003087879,0.022319544,0.08262895,0.017220201,0.016854821,0.002068967,0.010890606,0.045812778,0.017659904,0.01689391,0.003473333,0.011554566,0.081330352,0.089453668,0.089325428,0.006984832,0.060407426,0.174785703,0.393512008,0.398123413,0.05406587,0.187791541,0.546847761
RES-19,2019,306,3,6,90,101,204.4,0.5,41.9,1,3.71,95.07881523,0.037850131,0.037418932,0.004323886,0.026909925,0.109857358,0.019293394,0.018762063,0.002997417,0.013214498,0.071137652,0.020573769,0.019241713,0.006144456,0.013250345,0.129608124,0.091330248,0.090984806,0.009979506,0.05958163,0.2324761,0.345680177,0.347489744,0.052173504,0.172326088,0.535422623
RES-19,2019,401,4,1,0,0,171.9,0.5,41.9,1,3.335,59.28933618,0.044451054,0.043779582,0.005953224,0.03038712,0.127330542,0.024828144,0.023926666,0.004959683,0.016141469,0.100760244,0.029322789,0.02747285,0.00923202,0.019399177,0.162005886,0.094514857,0.093141884,0.014302801,0.062028565,0.247379765,0.247129925,0.243869036,0.042262596,0.14182134,0.496644825
RES-19,2019,402,4,2,150,168,247.8,0.5,41.9,1,3.005,85.07597576,0.039589543,0.038031437,0.006620805,0.027456194,0.122092105,0.022208753,0.020544525,0.006067335,0.01429926,0.09273167,0.026048264,0.023233354,0.00961953,0.015760295,0.160489365,0.089490643,0.088968277,0.010141079,0.057511795,0.254025519,0.305177577,0.303703606,0.068090177,0.143492103,0.50383848
RES-19,2019,403,4,3,210,235,171.2,0.5,41.9,1,3.653,114.8393549,0.040810566,0.039175332,0.007339601,0.026980573,0.161469027,0.023401896,0.02162342,0.006405909,0.014531337,0.123924591,0.027002232,0.024184605,0.010304551,0.016067889,0.19954133,0.091517099,0.090644643,0.010953369,0.056920994,0.267092019,0.300144964,0.296458244,0.052393847,0.167338297,0.480101377
RES-19,2019,404,4,4,90,101,203.9,0.5,41.9,1,3.316,88.14512063,0.040743956,0.039713327,0.006570464,0.028156834,0.151624456,0.023140383,0.022056647,0.005155775,0.015152997,0.10713353,0.026518593,0.024403945,0.010121582,0.017012084,0.219811916,0.094016753,0.093274996,0.012021393,0.062251113,0.312405854,0.307364891,0.307267487,0.044468718,0.150467709,0.507907748
RES-19,2019,405,4,5,120,135,176.3,0.5,41.9,1,3.571,104.3883499,0.044756458,0.042601876,0.00898264,0.030415144,0.168545321,0.026762291,0.024845947,0.00734665,0.015600141,0.125739217,0.031715575,0.028378904,0.013208038,0.017588312,0.236762986,0.097266377,0.095117599,0.014086602,0.065823287,0.317198873,0.286960732,0.284262002,0.040868667,0.16878657,0.462524474
RES-19,2019,406,4,6,180,202,182,0.5,41.9,1,3.567,115.7181984,0.041291908,0.039780874,0.006639321,0.028516402,0.113083869,0.023873751,0.022384977,0.005678027,0.015451079,0.089500234,0.028443281,0.02597353,0.009213577,0.017807359,0.15420258,0.095700188,0.094737075,0.009979238,0.064565584,0.235646397,0.316974871,0.3135885,0.055028743,0.171622321,0.476447523